filename,title,author
accidentalAdd.html,Accidental Add,Agatharioxoxo
adagietto.html,Adagietto,Queerenough
agathaAllAlongWeek.html,Agatha All Along Week 2025,QueerPinks
agatharioFakeDatingAu.html,Agathario Fake Dating AU,wonderful_anarchy
aKingdomByTheNight.html,A Kingdom by the Night,visadero
albatross.html,albatross,324b2fun
allRoadsLeadToThis.html,all roads lead to this,vicwritesometimes
allthethingswecould.html,All the Things We Could Do,How_Deep_the_Grave
amorProhibido.html,Amor Prohibido,Cassie_Bones
andFillMyBlankPage.html,and fill my blank page,
andWellBeTogether.html,And We'll Be Together (Forever &amp; Ever More) - DeadSeaSoul,
anUnexpectedVisitor.html,"An Unexpected Visitor - ZimEyebright - Agatha All Along (TV), WandaVision (TV)",
atTheStillPointOf.html,At the Still Point of the Turning World - LilaLuna,
aWitchInSalem.html,A Witch in Salem - culturevampire,
babyItsFateNotLuck.html,"baby, it's fate, not luck - quinnking",
banAllTheMusic.html,Ban All The Music - originofrios,
beneathTheStars.html,beneath the stars - vwoolf,
bewitched.html,Bewitched - annadelamico,
bitchesIDontTrust.html,"bitches i don't trust them (but they give me what i want for the night) - agatharioluvr - Agatha All Along (TV), Happiest Season (2020), Mrs. Fletcher (TV)",
bladeOfGrass.html,blade of grass - gclddrush,
boundByOathUndoneBy.html,"Bound By Oath, Undone by You - rhaenicent21",
brokenDeal.html,Broken Deal - deathwives,
butILoveYouJustThe.html,but i love you just the same - callipoicepole,
butWeCant.html,But We Can't - forestgreentrees,
candlelightWhispersMe.html,candlelight whispers me where to go - wariangle,
catchMeWhenIFallFor.html,Catch Me When I Fall for You - How_Deep_the_Grave - Multifandom,
checkmate.html,checkmate! - fqrcefields (sqyyadina) - Parks and Recreation (TV),
closeenoughforlove.html,Close Enough for Love - Cthulhus_Curse,
closeToYou.html,"close to you - luckytheepizzadog_13 - Parks and Recreation (TV), Agatha All Along (TV)",
coolAboutIt.html,Cool About it - damischmam,
creatorYouDestroyMe.html,"creator, you destroy me - velvetprayer",
crescendo.html,Crescendo - Magnolie,
dearestagatha.html,Dearest Agatha - gabisafica,
deathsEcho.html,Death's Echo - EchoesInTheMargins,
devotionIsForFools.html,Devotion is for fools - RunRig_Folklore,
disdainfullyHers.html,Disdainfully hers - hpprofessor1,
dontBeAfraidOfMeIm.html,Don't be afraid of me (I'm what you need) - hpprofessor1,
everythinglooksbetter.html,everything looks better (in hindsight) - insanetwin - Once Upon a Time (TV),
exceptions.html,Exceptions - Cassie_Bones,
fallingForTheEnemy.html,Falling for the Enemy - deathwives,
figuredYouOut.html,Figured You Out - OfEndlessWonder,
fiveSeconds.html,Five Seconds - visadero,
foldYourWings.html,Fold Your Wings - kayniiine,
forTheLoveOfSpring.html,For the Love of Spring - FleetingFriend,
givingMyHeartOverTo.html,giving my heart over to you - rosecoloredmac,
godKnowsYouNeedIt.html,God Knows You Need It - midwestprincess_01,
greenIsTheColourOf.html,green is the colour of her kind - quinnking,
guiltyAsSin.html,guilty as sin - sobercatnip,
happiestSeason.html,Happiest Season - 324b2fun,
harkness.html,Harkness - Agatharioxoxo,
heartBeatsLikeA.html,Heart Beats like a Drummer - Cassie_Bones,
hereWithYouNow.html,Here With You Now - kayniiine,
howManyCornersDoI.html,how many corners do i have to turn? (how many times do i have to learn?) - empathyhoodie,
iCouldNotStopFor.html,I Could Not Stop For Death - Helpbutton95,
ifThisWasAMovie.html,"If This Was A Movie - AgathaLovesRio - Agatha All Along (TV), Marvel Cinematic Universe, WandaVision (TV)",
illicitAffairs.html,illicit affairs - folksmore,
imLeavingHereWithYou.html,i'm leaving here with you - rockwetman,
imSorryILoveYou.html,"I'm Sorry, I Love You - bellalinguista",
index.html,Index of HTML Files,
inTheDeepEnd.html,In The Deep End - visadero,
inTheShadowsOfThe.html,In The Shadows of the Pines - rios_dagger,
isItCasualNow.html,Is It Casual Now? - Ree_all_along,
iToreYouApartInMy.html,I Tore You Apart In My Head - Anonymous,
itsBloodyAndRawButI.html,"It's bloody and raw, but I swear it is sweet - YellowFog",
itsJustInMyNature.html,it's just in my nature - saturnreturn,
itsNeverQuiteAsIt.html,it's never quite as it seems (hi—you've got mail) - 0hroosje,
iwasyourstarryeyed.html,"I was your starry eyed lover and the one that you saw - acovenlesswitch, lovurain - Parks and Recreation (TV), Agatha All Along (TV)",
iwillwaitupforyou.html,"i will wait up for you, dear - rockwetman - Parks and Recreation (TV), Agatha All Along (TV)",
iWonderWhichCupYoull.html,i wonder which cup you'll drink from (i hope it's mine) - empathyhoodie,
justBetweenUsDidThe.html,"Just between us, did the love affair maim you too - Magnolie",
letGo.html,Let Go - bratassly,
letMeWrapMyTeeth.html,Let me wrap my teeth around the world - YellowFog,
loveisafourletter.html,Love is a Four Letter Word - Adlerre - Parks and Recreation (TV),
loveIsAWitch.html,Love is a Witch - EchoesInTheMargins,
lovePersevering.html,Love Persevering - charmed4lifekaren,
lovePolitics.html,Love &amp; Politics - Cassie_Bones,
luminous.html,Luminous - trappedinamatchbox,
mandevillas.html,Mandevillas - Cassie_Bones,
meetcute.html,Meetcute - Cassie_Bones,
myboybuildscoffins.html,my boy builds coffins - 1e_r_x1,
mysafewordissafeword.html,"my safeword is safeword - AnonFandomBandit",
naughtyNice.html,Naughty &amp; Nice - 324b2fun,
nightShift.html,night shift - 1e_r_x1,
notMyType.html,Not My Type - Hexdealer,
notoverdramaticiknow.html,"not over dramatic, i know what i want. - rockwetman - Parks and Recreation (TV), Agatha All Along (TV)",
powerPlay.html,Power Play - SapphicWitch94,
purpleAndGreen.html,Purple and Green - Becks475,
redInClawRedInLove.html,"red in claw, red in love - wariangle",
redThreadOfFate.html,Red Thread of Fate - WitchyJulia,
riostoxicembrace.html,Rio’s Toxic Embrace - AgathaLovesRio,
rioVidalDoesNotGive.html,Rio Vidal Does Not Give a Damn - spreadingmylegsforlexa,
roommatesOfDestruction.html,Roommates of Destruction - Karmyal,
rosesAreRedOrchids.html,"Roses are red, orchids are...purple? - carlotta22",
roster.html,Roster - 324b2fun,
scherzo.html,Scherzo - Queerenough,
sheDrivesMeCrazy.html,she drives me crazy - haetonin,
sheGetsTheJobDone.html,she gets the job done - juliabaccari,
silverSprings.html,Silver Springs - annadelamico,
stuckInOrbit.html,Stuck In Orbit - kayniiine,
sugarAndHoney.html,Sugar and Honey - visadero,
summaCumLaude.html,summa cum laude - advilrio,
theArtOfKeepingA.html,The art of keeping a secret - onzeque,
theBadThing.html,The Bad Thing - midwestprincess_01,
theDare.html,The Dare - Cassie_Bones,
theDevilYouKnow.html,the devil you know - 324b2fun,
theEthicsOfAttraction.html,The Ethics of Attraction - Sunshinesongbird - Multifandom,
theGoldAndTheRust.html,"The gold and the rust, the color erupts - wherethesunmeatsthesea",
theHeartOfDeath.html,The Heart of Death - AWildWriter,
theHeatIsOn.html,The Heat Is On - deathwives,
theHoliday.html,the holiday - gclddrush,
theNeutralGround.html,The Neutral Ground - lilfinch,
thePeculiarPatient.html,the peculiar patient - ricxio,
thereIsNoDeathFor.html,there is no death for witches (only transformation) - firecrackerroot,
theresnooneelsewho.html,"there's no one else who could, the only one is you - rockwetman - Parks and Recreation (TV), Agatha All Along (TV)",
theRoadTwistsAnd.html,The Road Twists and Turns - CaptainVoyager,
theScientificMethodOf.html,The Scientific Method of Falling Apart - ememalia,
theSpaceBetweenNotes.html,The Space Between Notes - trappedinamatchbox,
theTalesOfNewSalem.html,The Tales of New Salem - DeathWhisper,
theWayIFeelAboutYou.html,the way i feel about you baby can’t explain it - seabiscuit,
theWorldReversed.html,The World Reversed - lyrcse,
thirstTrap.html,Thirst (Trap) - pinkpillow19,
timeWarp.html,Time Warp - 324b2fun,
underneaththetree.html,Underneath The Tree - Cthulhus_Curse,
unlockThyHiddenGate.html,Unlock Thy Hidden Gate - WitchHeartsRunFree,
unsatisfiedISkipMy.html,"unsatisfied, i skip my pride - rockwetman",
velvetRing.html,velvet ring - daniandjamie,
wellIWonder.html,Well I Wonder - midwestprincess_01,
whatanight.html,What a Night - How_Deep_the_Grave - Multifandom,
whatIfItsNotMeant.html,what if it's not meant for me? - seasalttears,
whenHeartbreakMeets.html,When Heartbreak Meets Jealousy - deathwives,
whenWeKissIHave.html,when we kiss (i have anger issues) - lgbtimelord,
whereWeBelong.html,Where we belong - Agatharioxoxo,
wickedWitchcraft.html,Wicked Witchcraft - creativelyblind,
witchcraftFillingYour.html,witchcraft filling your void - wariangle,
withinReach.html,Within Reach - 324b2fun,
youdHaveToStopThe.html,You'd have to stop the world - Echolux,
youllJustHaveToTaste.html,you'll just have to taste me (when she's kissin' you) - agatharioluvr,
youMakeLovingFun.html,You Make Loving Fun - YellowFog,
