filename,title,author,
accidentalAdd.html,Accidental Add,Agatharioxoxo,
adagietto.html,Adagietto,Queerenough,
agathaAllAlongWeek.html,Agatha All Along Week 2025,QueerPinks,
agatharioFakeDatingAu.html,Agathario Fake Dating Au,wonderful_anarchy,
aKingdomByTheNight.html,A Kingdom By the Night,visadero,
albatross.html,Albatross,324b2fun,
allRoadsLeadToThis.html,All Roads Lead to This,vicwritesometimes,
allthethingswecould.html,All the Things We Could Do,How_Deep_the_Grave,
amorProhibido.html,Amor Prohibido,Cassie_Bones,
andFillMyBlankPage.html,And Fill My Blank Page,,
andWellBeTogether.html,And We'll Be Together (Forever &Amp; Ever More),DeadSeaSoul,
anUnexpectedVisitor.html,An Unexpected Visitor,ZimEyebright,
atTheStillPointOf.html,At the Still Point of the Turning World,LilaLuna,
aWitchInSalem.html,A Witch in Salem,culturevampire,
babyItsFateNotLuck.html,"Baby, It's Fate, Not Luck",quinnking,
banAllTheMusic.html,Ban All the Music,originofrios,
beneathTheStars.html,Beneath the Stars,vwoolf,
bewitched.html,Bewitched,annadelamico,
bitchesIDontTrust.html,Bitches I Don't Trust Them (But They Give Me What I Want for the Night),agatharioluvr,
bladeOfGrass.html,Blade of Grass,gclddrush,
boundByOathUndoneBy.html,"Bound By Oath, Undone By You",rhaenicent21,
brokenDeal.html,Broken Deal,deathwives,
butILoveYouJustThe.html,But I Love You Just the Same,callipoicepole,
butWeCant.html,But We Can't,forestgreentrees,
candlelightWhispersMe.html,Candlelight Whispers Me Where to Go,wariangle,
catchMeWhenIFallFor.html,Catch Me When I Fall for You,How_Deep_the_Grave,
checkmate.html,Checkmate!,fqrcefields (sqyyadina),
closeenoughforlove.html,Close Enough for Love,Cthulhus_Curse,
closeToYou.html,Close to You,luckytheepizzadog_13,
coolAboutIt.html,Cool About It,damischmam,
creatorYouDestroyMe.html,"Creator, You Destroy Me",velvetprayer,
crescendo.html,Crescendo,Magnolie,
dearestagatha.html,Dearest Agatha,gabisafica,
deathsEcho.html,Death's Echo,EchoesInTheMargins,
devotionIsForFools.html,Devotion Is for Fools,RunRig_Folklore,
disdainfullyHers.html,Disdainfully Hers,hpprofessor1,
dontBeAfraidOfMeIm.html,Don't Be Afraid of Me (I'm What You Need),hpprofessor1,
everythinglooksbetter.html,Everything Looks Better (In Hindsight),insanetwin,
exceptions.html,Exceptions,Cassie_Bones,
fallingForTheEnemy.html,Falling for the Enemy,deathwives,
figuredYouOut.html,Figured You Out,OfEndlessWonder,
fiveSeconds.html,Five Seconds,visadero,
foldYourWings.html,Fold Your Wings,kayniiine,
forTheLoveOfSpring.html,For the Love of Spring,FleetingFriend,
givingMyHeartOverTo.html,Giving My Heart Over to You,rosecoloredmac,
godKnowsYouNeedIt.html,God Knows You Need It,midwestprincess_01,
greenIsTheColourOf.html,Green Is the Colour of Her Kind,quinnking,
guiltyAsSin.html,Guilty As Sin,sobercatnip,
happiestSeason.html,Happiest Season,324b2fun,
harkness.html,Harkness,Agatharioxoxo,
heartBeatsLikeA.html,Heart Beats Like a Drummer,Cassie_Bones,
hereWithYouNow.html,Here With You Now,kayniiine,
howManyCornersDoI.html,How Many Corners Do I Have to Turn? (How Many Times Do I Have to Learn?),empathyhoodie,
iCouldNotStopFor.html,I Could Not Stop for Death,Helpbutton95,
ifThisWasAMovie.html,If This Was a Movie,AgathaLovesRio,
illicitAffairs.html,Illicit Affairs,folksmore,
imLeavingHereWithYou.html,I'm Leaving Here With You,rockwetman,
imSorryILoveYou.html,"I'm Sorry, I Love You",bellalinguista,
index.html,Index of Html Files,,
inTheDeepEnd.html,In the Deep End,visadero,
inTheShadowsOfThe.html,In the Shadows of the Pines,rios_dagger,
isItCasualNow.html,Is It Casual Now?,Ree_all_along,
iToreYouApartInMy.html,I Tore You Apart in My Head,Anonymous,
itsBloodyAndRawButI.html,"It's Bloody and Raw, But I Swear It Is Sweet",YellowFog,
itsJustInMyNature.html,It's Just in My Nature,saturnreturn,
itsNeverQuiteAsIt.html,It's Never Quite As It Seems (Hi—You'Ve Got Mail),0hroosje,
iwasyourstarryeyed.html,I Was Your Starry Eyed Lover and the One That You Saw,"acovenlesswitch, lovurain",
iwillwaitupforyou.html,"I Will Wait Up for You, Dear",rockwetman,
iWonderWhichCupYoull.html,I Wonder Which Cup You'Ll Drink From (I Hope It's Mine),empathyhoodie,
justBetweenUsDidThe.html,"Just Between Us, Did the Love Affair Maim You Too",Magnolie,
letGo.html,Let Go,bratassly,
letMeWrapMyTeeth.html,Let Me Wrap My Teeth Around the World,YellowFog,
loveisafourletter.html,Love Is a Four Letter Word,Adlerre,
loveIsAWitch.html,Love Is a Witch,EchoesInTheMargins,
lovePersevering.html,Love Persevering,charmed4lifekaren,
lovePolitics.html,Love &Amp; Politics,Cassie_Bones,
luminous.html,Luminous,trappedinamatchbox,
mandevillas.html,Mandevillas,Cassie_Bones,
meetcute.html,Meetcute,Cassie_Bones,
myboybuildscoffins.html,My Boy Builds Coffins,1e_r_x1,
mysafewordissafeword.html,My Safeword Is Safeword,"AnonFandomBandit, orphan_account",
naughtyNice.html,Naughty &Amp; Nice,324b2fun,
nightShift.html,Night Shift,1e_r_x1,
notMyType.html,Not My Type,Hexdealer,
notoverdramaticiknow.html,"Not Over Dramatic, I Know What I Want.",rockwetman,
powerPlay.html,Power Play,SapphicWitch94,
purpleAndGreen.html,Purple and Green,Becks475,
redInClawRedInLove.html,"Red in Claw, Red in Love",wariangle,
redThreadOfFate.html,Red Thread of Fate,WitchyJulia,
riostoxicembrace.html,Rio’S Toxic Embrace,AgathaLovesRio,
rioVidalDoesNotGive.html,Rio Vidal Does Not Give a Damn,spreadingmylegsforlexa,
roommatesOfDestruction.html,Roommates of Destruction,Karmyal,
rosesAreRedOrchids.html,"Roses Are Red, Orchids Are...Purple?",carlotta22,
roster.html,Roster,324b2fun,
scherzo.html,Scherzo,Queerenough,
sheDrivesMeCrazy.html,She Drives Me Crazy,haetonin,
sheGetsTheJobDone.html,She Gets the Job Done,juliabaccari,
silverSprings.html,Silver Springs,annadelamico,
stuckInOrbit.html,Stuck in Orbit,kayniiine,
sugarAndHoney.html,Sugar and Honey,visadero,
summaCumLaude.html,Summa Cum Laude,advilrio,
theArtOfKeepingA.html,The Art of Keeping a Secret,onzeque,
theBadThing.html,The Bad Thing,midwestprincess_01,
theDare.html,The Dare,Cassie_Bones,
theDevilYouKnow.html,The Devil You Know,324b2fun,
theEthicsOfAttraction.html,The Ethics of Attraction,Sunshinesongbird,
theGoldAndTheRust.html,"The Gold and the Rust, the Color Erupts",wherethesunmeatsthesea,
theHeartOfDeath.html,The Heart of Death,AWildWriter,
theHeatIsOn.html,The Heat Is On,deathwives,
theHoliday.html,The Holiday,gclddrush,
theNeutralGround.html,The Neutral Ground,lilfinch,
thePeculiarPatient.html,The Peculiar Patient,ricxio,
thereIsNoDeathFor.html,There Is No Death for Witches (Only Transformation),firecrackerroot,
theresnooneelsewho.html,"There's No One Else Who Could, the Only One Is You",rockwetman,
theRoadTwistsAnd.html,The Road Twists and Turns,CaptainVoyager,
theScientificMethodOf.html,The Scientific Method of Falling Apart,ememalia,
theSpaceBetweenNotes.html,The Space Between Notes,trappedinamatchbox,
theTalesOfNewSalem.html,The Tales of New Salem,DeathWhisper,
theWayIFeelAboutYou.html,The Way I Feel About You Baby Can’t Explain It,seabiscuit,
theWorldReversed.html,The World Reversed,lyrcse,
thirstTrap.html,Thirst (Trap),pinkpillow19,
timeWarp.html,Time Warp,324b2fun,
underneaththetree.html,Underneath the Tree,Cthulhus_Curse,
unlockThyHiddenGate.html,Unlock Thy Hidden Gate,WitchHeartsRunFree,
unsatisfiedISkipMy.html,"Unsatisfied, I Skip My Pride",rockwetman,
velvetRing.html,Velvet Ring,daniandjamie,
wellIWonder.html,Well I Wonder,midwestprincess_01,
whatanight.html,What a Night,How_Deep_the_Grave,Multifandom
whatIfItsNotMeant.html,What If It's Not Meant for Me?,seasalttears,
whenHeartbreakMeets.html,When Heartbreak Meets Jealousy,deathwives,
whenWeKissIHave.html,When We Kiss (I Have Anger Issues),lgbtimelord,
whereWeBelong.html,Where We Belong,Agatharioxoxo,
wickedWitchcraft.html,Wicked Witchcraft,creativelyblind,
witchcraftFillingYour.html,Witchcraft Filling Your Void,wariangle,
withinReach.html,Within Reach,324b2fun,
youdHaveToStopThe.html,You'd Have to Stop the World,Echolux,
youllJustHaveToTaste.html,You'll Just Have to Taste Me (When She's Kissin' You),agatharioluvr,
youMakeLovingFun.html,You Make Loving Fun,YellowFog,