,id,title
0,69409446,Rules for Co-Parenting With Your Witch of an Ex
1,61254514,It'll All Work Out
2,62592292,Take it from the top (you are a bottom)
3,69689251,11:11
4,67757766,We're Never Done
5,67739596,Between the Flames and Her Eyes
6,64663663,"Tempus, Voluntas, Spatium"
7,376520,Catalysis
8,67969351,alambre púa
9,66937096,what a terrifying work of art
10,60392944,Unmoored by your Presence
11,67126099,Going Viral
12,68905561,Put It On The Line
13,65056900,I'll Be Your Garbage Man
14,64578517,How It Started
15,65882953,A drunken menace
16,61063744,"my love, mine, all mine"
17,63999277,Reaching Out For More
18,64133626,"honey, you're familiar"
19,66114247,Bush League
20,63813619,We Found Each Other in the Dark
21,62535538,"Glitter, Glue, and Signs of Life"
22,61814836,The Thread Of Fate
23,64543360,she looks like the real thing (she tastes like the real thing)
24,65301250,Obsessed
25,62591797,Time in a Bottle
26,67291498,Meet Me At The End
27,66895519,Harkness Pathology
28,67250692,you aren’t mine for the taking
29,67383873,Secrets & Suspenders
30,67054015,you got me looking so crazy right now
31,64617655,Beneath the scars
32,62861993,My Cries and Your Whispers
33,65761876,Love me tender
34,59672419,It’s Bloody and Raw (But I Swear it is Sweet)
35,60133222,Heavy is the Crown
36,66257017,The Beach House
37,66314887,Wrong Number
38,65476798,family line
39,63879877,why don't you want me?
40,65129329,Rented Hearts
41,63638671,Number 13
42,60617758,Life after love (Can we find it again?)
43,62325949,like a hurricane
44,65557984,I’ll hear you even when you can’t speak
45,61712359,Thirst (Trap)
46,61208620,Five Seconds
47,62417317,albatross
48,66106753,"Bound By Oath, Undone by You"
49,61209526,"The gold and the rust, the color erupts"
50,60550129,beneath the stars
51,60466387,In The Deep End
52,61554538,my safeword is safeword
53,61263814,The World Reversed
54,64684756,Falling for the Enemy
55,65895589,The Dare
56,62737456,Not My Type
57,65710069,Cool About it
58,65825197,"It's bloody and raw, but I swear it is sweet"
59,65827327,Bewitched
60,62739748,Luminous
61,62959210,Power Play
62,61245343,Unlock Thy Hidden Gate
63,63423910,it's just in my nature
64,60810751,Within Reach
65,61474507,the holiday
66,63026209,Ban All The Music
67,62503864,Well I Wonder
68,60796456,Agathario Fake Dating AU
69,60865297,"Just between us, did the love affair maim you too"
70,62841521,For the Love of Spring
71,26070184,everything looks better (in hindsight)
72,61598443,what if it's not meant for me?
73,62134987,Love is a Witch
74,62082778,Scherzo
75,59719738,An Unexpected Visitor
76,61599598,If This Was A Movie
77,61917550,The Bad Thing
78,59746492,Time Warp
79,60318415,but i love you just the same
80,61077781,"unsatisfied, i skip my pride"
81,60723781,it's never quite as it seems (hi—you've got mail)
82,60682354,close to you
83,61496449,Let Go
84,60315637,The Road Twists and Turns
85,61642021,Red Thread of Fate
86,60901915,Naughty & Nice
87,60738175,You'd have to stop the world
88,60792286,velvet ring
89,61280764,Love & Politics
90,61373383,Mandevillas
91,60858487,The Heart of Death
92,60521194,A Witch in Salem
93,60328030,The art of keeping a secret
94,60596422,Sugar and Honey
95,60293302,Happiest Season
96,59774080,"Roses are red, orchids are...purple?"
97,60229678,The Neutral Ground
98,60245707,I Could Not Stop For Death
99,60468748,Fold Your Wings
100,60538387,Disdainfully hers
101,60700522,Purple and Green
102,60223375,there is no death for witches (only transformation)
103,59939713,Silver Springs
104,60469915,Here With You Now
105,60563395,the way i feel about you baby can’t explain it
106,60417100,The Scientific Method of Falling Apart
107,60137950,all roads lead to this
108,60045475,A Kingdom by the Night
109,60532861,she drives me crazy
110,60416161,she gets the job done
111,60307105,when we kiss (i have anger issues)
112,59823169,Love Persevering
113,60415315,i'm leaving here with you
114,60415588,Broken Deal
115,60444544,giving my heart over to you
116,60165511,Don't be afraid of me (I'm what you need)
117,60190921,Devotion is for fools
118,59884564,The Ethics of Attraction
119,60263902,"creator, you destroy me"
120,59763247,Death's Echo
121,5506061,And the truth will set you free...
122,936364,In The Hands Of Time
123,1554938,Changing the Rules
124,857046,Intrigue at First Sight
125,3182993,The Possibility of Happiness
126,459713,Wish You Were Here
127,9457895,Static
128,11412,Tempus Fugit (S7)
129,20341585,A Place in Your World
130,3793918,The Loudest Silence
131,5656066,Colstead & Remma
132,14623386,don’t fight the light that begs at the cracks
133,13891023,Heartlines
134,14175393,Cutting Room Floor
135,14335935,Only Love
136,13819332,The Heart Wants What It Wants
137,13858497,Million Reasons
138,7403764,"I Wanted to Ring out the Bells, to Fling out my Arms and to Sing out the News"
139,2295785,03:24:21
140,11979894,Old Tides
141,13000503,Eight Days
142,10850205,Medical School AU
143,153110,The Vorlon Gift
144,10265633,You're Coming With Me
145,11159400,What The Wind Blew In
146,10355724,What You Nearly Lost
147,4495986,A Night of Dark Trees
148,10652928,Dulce et Decorum Est
149,7593322,"Oh, if These Walls Could Speak"
150,10071170,Sense of Danger
151,7325617,non je ne regrette rien
152,6642079,A Matter of Trust
153,10792878,Weathering the Storm
154,6150317,A happy family is but an earlier heaven yet love is the future divine
155,10947849,High Times at the Gateway Club
156,10648902,Despite Our Circumstances
157,2119041,Simplicity in the Woods
158,4598868,To Love a Stark
159,9874145,In the pursuit of Patience
160,3513107,Dancing in our Heads
161,6299215,First Words and Blank Pages
162,8034481,Little Things Mean a Lot
163,10269845,The Circle of Love
164,8139194,"I Want You, I Love You, I Knead You"
165,11150475,Teach Me Tonight
166,6607012,"Secrets, Scouts and Supposedly(s)"
167,10436367,Up and up into blue
168,8134238,The Hands I Used to Touch
