id,title
69409446,Rules for Co-Parenting With Your Witch of an Ex
61254514,It'll All Work Out
62592292,Take it from the top (you are a bottom)
69689251,11:11
67757766,We're Never Done
67739596,Between the Flames and Her Eyes
64663663,"Tempus, Voluntas, Spatium"
376520,Catalysis
67969351,alambre p√∫a
66937096,what a terrifying work of art
60392944,Unmoored by your Presence
67126099,Going Viral
68905561,Put It On The Line
65056900,I'll Be Your Garbage Man
64578517,How It Started
65882953,A drunken menace
61063744,"my love, mine, all mine"
63999277,Reaching Out For More
64133626,"honey, you're familiar"
66114247,Bush League